{
    "learning_rate": 5.109127263306326e-05,
    "ent_coef": 0.029949095902368914,
    "gamma": 0.9280199497361401,
    "n_steps": 2048,
    "batch_size": 128,
    "stop_loss": 0.03423977719400513,
    "ts_drop": 0.017006002066460413,
    "cooldown": 10,
    "risk_aversion": 0.3872335767543271
}