{
    "breakout_period": 11,
    "ema_period": 42,
    "stop_loss": 0.03944019051877466,
    "ts_trigger": 0.008905818318092049,
    "ts_dist": 0.019502945369391702
}