{
    "breakout_period": 35,
    "ema_period": 23,
    "stop_loss": 0.01724940188992598,
    "ts_trigger": 0.009669273262145138,
    "ts_dist": 0.008005357746789727
}