{
    "learning_rate": 1.1283968299381112e-05,
    "ent_coef": 0.003134310656112687,
    "gamma": 0.9613585809587105,
    "n_steps": 4096,
    "batch_size": 256
}