{
    "BTC": {
        "initial_balance": 10000,
        "final_balance": 10310.512754026782,
        "return_pct": 3.105127540267822,
        "sharpe_ratio": 2.4680343326223637,
        "max_drawdown_pct": 0.46718116297505485,
        "total_trades": 212,
        "chart_path": "reports/backtest_btc_gold.png"
    },
    "SOL": {
        "initial_balance": 10000,
        "final_balance": 10837.019682310744,
        "return_pct": 8.370196823107436,
        "sharpe_ratio": 1.0615916375350078,
        "max_drawdown_pct": 3.679275709553711,
        "total_trades": 202,
        "chart_path": "reports/backtest_sol_elite.png"
    },
    "ETH": {
        "initial_balance": 10000,
        "final_balance": 10503.799315902967,
        "total_trades": 748,
        "chart_path": "reports/backtest_eth_latest.png",
        "return_pct": 5.037993159029665,
        "cagr": 3.47788551140209,
        "sharpe": 1.4032523247074495,
        "sortino": 0.3391188374475024,
        "calmar": 1.8317042078436796,
        "max_drawdown_pct": 1.8987156859219805,
        "max_dd_duration_steps": 9418,
        "max_dd_duration_days": 98.10416666666667
    }
}